CustomerID,ArrivalMins,Q1StartMins,Q1EndMins,Q2EndMins,WaitQ1,ServiceQ1,ServiceQ2
1,0,0,1,6,0,1,5
2,0,1,4,15,1,3,11
3,0,4,5,11,4,1,6
5,2,5,7,17,3,2,10
6,5,9,10,17,4,1,7
8,6,10,13,22,4,3,9
10,12,16,18,19,4,2,1
11,14,20,21,30,6,1,9
13,19,21,23,34,2,2,11
14,22,23,26,34,1,3,8
15,26,26,27,32,0,1,5
16,28,28,30,41,0,2,11
17,31,31,34,49,0,3,15
20,39,42,44,56,3,2,12
21,44,44,45,47,0,1,2
22,47,47,49,61,0,2,12
23,51,51,53,63,0,2,10
25,57,57,58,59,0,1,1
26,61,61,64,78,0,3,14
28,66,66,67,76,0,1,9
29,91,91,94,108,0,3,14
30,93,94,95,103,1,1,8
31,94,95,96,104,1,1,8
32,96,96,98,108,0,2,10
33,97,98,99,108,1,1,9
34,99,99,101,113,0,2,12
35,101,101,102,107,0,1,5
36,102,102,105,117,0,3,12
37,103,105,106,113,2,1,7
38,104,106,109,121,2,3,12
39,106,109,111,137,3,2,26
40,107,111,112,128,4,1,16
41,108,112,113,135,4,1,22
42,109,113,115,140,4,2,25
43,111,115,116,133,4,1,17
44,112,116,119,152,4,3,33
45,113,119,120,139,6,1,19
46,114,120,121,137,6,1,16
47,116,121,123,147,5,2,24
48,117,123,125,150,6,2,25
49,118,125,126,129,7,1,3
50,121,126,129,159,5,3,30
51,122,129,130,149,7,1,19
52,124,130,132,157,6,2,25
53,125,132,135,166,7,3,31
54,126,135,136,151,9,1,15
55,128,136,138,159,8,2,21
58,129,139,140,160,10,1,20
59,131,140,142,165,9,2,23
63,132,142,143,161,10,1,18
64,133,143,146,179,10,3,33
65,134,146,147,169,12,1,22
66,136,147,149,172,11,2,23
67,137,149,151,176,12,2,25
68,138,151,153,176,13,2,23
69,139,153,154,157,14,1,3
70,141,154,155,174,13,1,19
71,142,155,157,182,13,2,25
72,143,157,159,183,14,2,24
73,144,159,160,181,15,1,21
75,146,160,162,184,14,2,22
76,147,162,163,180,15,1,17
77,148,163,164,180,15,1,16
78,151,164,165,181,13,1,16
79,153,165,166,169,12,1,3
81,154,166,167,188,12,1,21
82,156,167,169,193,11,2,24
83,158,169,171,191,11,2,20
84,161,171,172,194,10,1,22
85,163,172,174,198,9,2,24
86,164,174,175,190,10,1,15
88,166,175,176,192,9,1,16
89,168,176,178,203,8,2,25
90,171,178,180,204,7,2,24
91,173,180,183,215,7,3,32
92,174,183,184,204,9,1,20
93,176,184,186,206,8,2,20
94,177,186,187,204,9,1,17
95,178,187,189,212,9,2,23
96,179,189,190,194,10,1,4
